{"scaling": {"min_to_metro": {"mean": 10.4614253023864, "std": 5.712735205637556}, "total_area": {"mean": 78.63955050670153, "std": 41.67012289879292}, "number_of_floors": {"mean": 19.97254004576659, "std": 13.248232918016136}, "ceiling_height": {"mean": 2.9658172605426616, "std": 0.24075010283538903}, "living_area": {"mean": 40.791116377901275, "std": 20.956862537318553}, "floor_ratio": {"mean": 0.49763798990017055, "std": 0.2682650823865963}, "age": {"mean": 15.717554756456359, "std": 20.264298833075873}, "area_per_room": {"mean": 22.136131469979297, "std": 7.2141432164210935}, "height_age_ratio": {"mean": 0.5446366308382561, "std": 0.4346249058872201}, "density": {"mean": 0.5600841591710787, "std": 0.1988704711665962}}, "encoding": {"region_of_moscow": {"\u0412\u0410\u041e": 16963674.51694915, "\u0417\u0410\u041e": 46876915.6986755, "\u0421\u0410\u041e": 35156603.03993344, "\u0421\u0412\u0410\u041e": 24778872.060194176, "\u0421\u0417\u0410\u041e": 35753552.28837877, "\u0426\u0410\u041e": 108395821.7677476, "\u042e\u0410\u041e": 28202573.705263156, "\u042e\u0412\u0410\u041e": 18570489.670146137, "\u042e\u0417\u0410\u041e": 30073867.41048035}, "is_new": {"0": 48949779.709347285, "1": 41437639.175479375}, "is_apartments": {"0": 45248955.47117747, "1": 56994117.297460705}, "number_of_rooms": {"1": 15549915.655123675, "2": 34002045.03597497, "3": 69140900.6260928, "4": 74356537.85901387}, "floor": {"1": 22467189.92753623, "2": 45582070.744755246, "3": 52410317.77425044, "4": 55329708.5242915, "5": 50921308.63738739, "6": 49415969.675742574, "7": 52720488.531847134, "8": 52261094.526315786, "9": 45890546.04013378, "10": 43456196.64545455, "11": 39440365.484018266, "12": 39233104.24413145, "13": 44554711.7821229, "14": 52564914.42675159, "15": 42220958.53787879, "16": 40079187.12173913, "17": 32081927.068181816, "18": 35905895.15533981, "19": 38253762.60869565, "20": 35982430.197530866, "21": 38826566.05747127, "22": 47472521.88636363, "23": 40292868.78125, "24": 39666393.365384616, "25": 48641406.55555555, "26": 41226100.37209302, "27": 39650269.73170732, "28": 42736640.256410256, "29": 40235274.57575758, "30": 43052687.02857143, "31": 40490042.48, "32": 40278318.5, "33": 35313556.571428575, "34": 50543714.9, "35": 66116715.461538464, "36": 46724424.333333336, "37": 69569098.95, "38": 70247562.29411764, "39": 68969012.81818181, "40": 123247359.28, "41": 53476109.09090909, "42": 91013363.42857143, "43": 78560626.77777778, "44": 95446982.57142857, "45": 81407978.22222222, "46": 77777202.33333333, "47": 109644425.91666667, "48": 49069541.25, "49": 60656946.833333336, "50": 114798400.0}}}