{"region_of_moscow": {"\u0412\u0410\u041e": 18017100.146990597, "\u0417\u0410\u041e": 43816326.18461538, "\u0421\u0410\u041e": 33285849.78870629, "\u0421\u0412\u0410\u041e": 25711527.953312103, "\u0421\u0417\u0410\u041e": 34392657.08691964, "\u0426\u0410\u041e": 94304681.4894563, "\u042e\u0410\u041e": 28483624.651230287, "\u042e\u0412\u0410\u041e": 19761989.483317867, "\u042e\u0417\u0410\u041e": 30282102.368143853}}