{"region_of_moscow": {"\u0412\u0410\u041e": 16435227.236196319, "\u0417\u0410\u041e": 41566868.261925414, "\u0421\u0410\u041e": 31597245.58844133, "\u0421\u0412\u0410\u041e": 24033009.17879418, "\u0421\u0417\u0410\u041e": 32912775.926756352, "\u0426\u0410\u041e": 98787851.10927835, "\u042e\u0410\u041e": 27049593.877583466, "\u042e\u0412\u0410\u041e": 18420136.590277776, "\u042e\u0417\u0410\u041e": 28735987.14883721}}